num_nodes,num_mix_layers,p2p_type,real_message_prob,cover_message_prob,egress_mean,egress_max,ingress_mean,ingress_max
10,4,gossip,0.01,0.02,36.4375,79.40625,36.4375,98.65625
10,4,gossip,0.01,0.04,14.718229166666667,28.875,14.718229166666667,33.6875
10,4,gossip,0.01,0.06,27.848333333333333,98.65625,27.848333333333333,113.09375
10,4,gossip,0.01,0.08,19.75955882352941,79.40625,19.75955882352941,91.4375
10,4,gossip,0.01,0.1,27.62121710526316,98.65625,27.62121710526316,134.75
