num_nodes,num_mix_layers,p2p_type,real_message_prob,cover_message_prob,egress_mean,egress_max,ingress_mean,ingress_max
1000,4,gossip,0.01,0.02,789.9003512931034,1270.5,786.5745818965518,2697.40625
1000,4,gossip,0.01,0.04,1040.332811422414,1660.3125,1038.5553394396552,4716.25
1000,4,gossip,0.01,0.06,1408.3879989224138,1992.375,1406.3984450431035,5681.15625
1000,4,gossip,0.01,0.08,1721.6532887931035,2252.25,1720.1033318965517,6102.25
1000,4,gossip,0.01,0.1,1984.492207974138,2483.25,1981.9849784482758,5625.8125
