num_nodes,num_mix_layers,p2p_type,real_message_prob,cover_message_prob,egress_mean,egress_max,ingress_mean,ingress_max
1000,4,gossip,0.03,0.06,2541.7524924568966,3335.0625,2537.05615625,7637.4375
1000,4,gossip,0.03,0.12,3481.2558782327587,4287.9375,3475.6617618534483,9107.65625
1000,4,gossip,0.03,0.18,4284.96495150862,4908.75,4280.065577586207,11877.25
1000,4,gossip,0.03,0.24,5208.071651939656,5962.6875,5202.543334051724,12478.8125
1000,4,gossip,0.03,0.30,6017.549585129311,7132.125,6013.211033405172,15058.3125